{"metadata":{"asset_id":"966997eb-00a6-43c9-a184-75aafd2a2076","asset_attributes":["notebook"],"name":"Data Science Capstone week 3","asset_type":"notebook","created_at":"2020-08-13T10:06:42Z","description":"","origin_country":"us","owner_id":"IBMid-550007YD2X","project_id":"bdeb8b92-b466-4f48-babf-d8f5e86e898c","size":207,"tags":["notebook"],"usage":{"last_update_time":1597313721700,"last_updated_at":"2020-08-13T10:15:21Z"}},"entity":{"notebook":{"kernel":{"name":"python3","display_name":"Python 3.6","language":"python"},"originates_from":{"type":"blank"},"runtime":{"environment":"conda2py36-bdeb8b92-b466-4f48-babf-d8f5e86e898c"}}},"attachments":[{"id":"35bfd2fc-9889-4d75-bd50-42675ad797e9","version":2,"asset_type":"notebook","name":"attachment for notebook 966997eb-00a6-43c9-a184-75aafd2a2076","description":"attachment for notebook 966997eb-00a6-43c9-a184-75aafd2a2076","mime":"application/json","datasource_type":"193a97c1-4475-4a19-b90c-295c4fdc6517","object_key":"notebook/Data_Science_Capstone_week_3_aedW_6u8m.ipynb","creator_id":"IBMid-550007YD2X","create_time":1597313203438,"size":207,"is_remote":false,"is_managed":false,"is_referenced":true,"is_object_key_read_only":false,"is_user_provided_path_key":true,"transfer_complete":true,"is_partitioned":false,"complete_time_ticks":1597313203438,"user_data":{},"test_doc":0,"handle":{"bucket":"datasciencecapstone-donotdelete-pr-zywincj3rvci0h","location":"ap-geo","key":"notebook/Data_Science_Capstone_week_3_aedW_6u8m.ipynb","upload_id":"done","max_part_num":1},"usage":{"access_count":0,"last_accessor_id":"IBMid-550007YD2X","last_access_time":1597313203438}}]}
