{"metadata":{"asset_id":"d3d56025-cf58-423b-b255-10071814f9af","asset_attributes":["notebook"],"name":"Data_Science capstone Notebook","asset_type":"notebook","created_at":"2020-08-13T04:57:27Z","description":"","origin_country":"us","owner_id":"IBMid-550007YD2X","project_id":"bdeb8b92-b466-4f48-babf-d8f5e86e898c","size":207,"tags":["notebook"],"usage":{"last_update_time":1597294805565,"last_updated_at":"2020-08-13T05:00:05Z"}},"entity":{"notebook":{"kernel":{"name":"python3","display_name":"Python 3.6","language":"python"},"originates_from":{"type":"blank"},"runtime":{"environment":"conda2py36-bdeb8b92-b466-4f48-babf-d8f5e86e898c"}}},"attachments":[{"id":"ec35da41-4f67-48b8-b7f2-8f1d8954bd82","version":2,"asset_type":"notebook","name":"attachment for notebook d3d56025-cf58-423b-b255-10071814f9af","description":"attachment for notebook d3d56025-cf58-423b-b255-10071814f9af","mime":"application/json","datasource_type":"193a97c1-4475-4a19-b90c-295c4fdc6517","object_key":"notebook/Data_Science_capstone_Notebook_anaEHa7Vb.ipynb","creator_id":"IBMid-550007YD2X","create_time":1597294648118,"size":207,"is_remote":false,"is_managed":false,"is_referenced":true,"is_object_key_read_only":false,"is_user_provided_path_key":true,"transfer_complete":true,"is_partitioned":false,"complete_time_ticks":1597294648118,"user_data":{},"test_doc":0,"handle":{"bucket":"datasciencecapstone-donotdelete-pr-zywincj3rvci0h","location":"ap-geo","key":"notebook/Data_Science_capstone_Notebook_anaEHa7Vb.ipynb","upload_id":"done","max_part_num":1},"usage":{"access_count":0,"last_accessor_id":"IBMid-550007YD2X","last_access_time":1597294648118}}]}
